model,prc,rcl,imp,size
n2,0.9344978165938864,0.1557496360989812,0.49200000000000005,1.0
n3,0.9432314410480349,0.3144104803493454,0.8165,2.0
knn,0.025473071324599708,0.012372634643377,0.39150000000000007,1.765
rw,0.8897379912663754,0.26346433770014543,0.5965,1.7875
rwr,0.881004366812227,0.26783114992721974,0.6825,1.85
tx,0.7307132459970889,0.3100436681222709,0.29150000000000004,1.84
tage,0.4219865529909198,0.22489082969432303,0.2195,2.3725
unr,0.9228529839883552,0.28820960698689946,1.0,1.85
