model,prc,rcl,imp,size
n2,0.8995633187772926,0.14992721979621565,0.2772222222222222,1.0
n3,0.8951965065502183,0.29839883551673974,0.9944444444444445,2.0
knn,0.017467248908296942,0.005822416302765647,0.14833333333333332,1.461111111111111
rw,0.8616448326055313,0.30203784570596814,0.5905555555555556,2.05
rwr,0.8401018922852985,0.299854439592431,0.6405555555555557,2.058333333333333
tx,0.765335828654606,0.2983988355167395,0.4544444444444445,1.7944444444444445
tage,0.2902682470368059,0.22998544395924295,0.16555555555555557,1.6611111111111112
unr,0.9025473071324598,0.32387190684133926,1.0,2.0833333333333335
