model,prc,rcl,imp,size
n2,0.9650655021834061,0.1608442503639011,0.6830555555555555,1.0
n3,0.9585152838427947,0.319505094614265,0.6333333333333334,2.0
knn,0.013100436681222707,0.004366812227074236,0.3366666666666667,1.1166666666666667
rw,0.9250241025350194,0.45924308588064117,0.8336111111111112,3.3666666666666667
rwr,0.9173059352098655,0.4963609898107723,0.9219444444444443,3.6083333333333334
tx,0.37729257641921393,0.13973799126637534,0.3691666666666666,0.9069444444444444
tage,0.41459942289636614,0.35953420669577885,0.25972222222222224,2.325
unr,0.9426432131672304,0.5189228529839892,0.9941666666666666,3.6083333333333334
